{"meta": "KMeans_segmentation", "model_init_parameters": {"n_clusters": 5, "random_state": 302433120}, "grouping_columns": [], "required_arguments_types": {}, "optional_arguments_types": {}, "supported_column_types": ["int64", "float64", "uint8", "int8", "int16"], "model_quality": {"Coming soon": "Metrics"}, "supports_nan": false, "keep_columns": ["Age", "Survived", "Male"], "light_run": false, "required_arguments": {}, "optional_arguments": {}, "columns": ["Age", "Survived", "Male"], "sample_data": {"Age": {"0": 22.0}, "Survived": {"0": 0.0}, "Male": {"0": 1.0}}, "sample_output": {"cluster": {"0": 1}}, "trained_models": {"model": {"1": {"meta": "kmeans_clustering", "cluster_centers_": [[20.431034482758562, 0.3620689655172413, 0.6120689655172414], [43.56617647058819, 0.37499999999999994, 0.6397058823529412], [30.042929292929294, 0.3686868686868686, 0.6818181818181819], [4.695652173912997, 0.5797101449275361, 0.5362318840579711], [59.60714285714282, 0.33928571428571425, 0.7321428571428572]], "labels_": [0, 1, 2, 2, 2, 2, 4, 3, 2, 0, 3, 4, 0, 1, 0, 4, 3, 2, 2, 2, 2, 2, 0, 2, 3, 1, 2, 0, 2, 2, 1, 2, 2, 4, 2, 1, 2, 0, 0, 0, 1, 2, 2, 3, 0, 2, 2, 2, 2, 0, 3, 0, 1, 2, 4, 2, 0, 2, 3, 3, 0, 1, 3, 2, 2, 2, 0, 0, 2, 2, 0, 0, 2, 2, 0, 2, 2, 3, 2, 0, 2, 2, 2, 0, 2, 0, 2, 0, 0, 2, 0, 1, 2, 4, 2, 4, 0, 2, 2, 2, 2, 0, 2, 1, 2, 0, 2, 1, 2, 1, 0, 0, 0, 0, 0, 4, 2, 0, 3, 0, 2, 2, 2, 4, 3, 2, 0, 2, 1, 2, 0, 1, 2, 0, 0, 0, 1, 0, 0, 2, 0, 0, 0, 0, 0, 2, 3, 2, 1, 1, 0, 4, 1, 2, 1, 0, 2, 2, 2, 1, 1, 2, 0, 3, 3, 2, 1, 2, 2, 4, 3, 3, 0, 4, 0, 2, 1, 2, 2, 2, 2, 3, 3, 3, 2, 2, 1, 1, 2, 2, 0, 0, 3, 1, 4, 2, 1, 2, 0, 2, 2, 2, 1, 0, 3, 2, 2, 0, 1, 0, 2, 0, 2, 2, 2, 2, 1, 2, 2, 0, 2, 1, 2, 1, 0, 0, 0, 0, 2, 2, 2, 4, 3, 0, 2, 1, 3, 0, 2, 2, 2, 2, 0, 2, 1, 0, 0, 1, 4, 2, 2, 4, 2, 1, 2, 2, 2, 2, 1, 2, 3, 4, 1, 2, 2, 0, 0, 4, 2, 2, 0, 1, 1, 2, 4, 1, 2, 3, 2, 4, 2, 0, 0, 2, 2, 2, 0, 1, 0, 2, 0, 2, 0, 0, 2, 0, 3, 2, 1, 2, 2, 0, 2, 2, 3, 2, 0, 2, 2, 0, 0, 2, 2, 1, 2, 0, 4, 2, 1, 0, 2, 2, 0, 2, 2, 4, 2, 2, 0, 2, 1, 1, 0, 2, 2, 2, 1, 1, 1, 3, 0, 2, 0, 2, 0, 1, 2, 3, 1, 0, 2, 0, 0, 2, 2, 0, 1, 2, 2, 1, 2, 1, 2, 2, 2, 4, 2, 2, 0, 0, 0, 0, 0, 3, 2, 0, 2, 0, 0, 1, 3, 2, 2, 2, 0, 3, 2, 2, 0, 2, 0, 2, 0, 0, 0, 2, 1, 0, 2, 1, 2, 0, 2, 0, 2, 1, 3, 0, 2, 2, 2, 2, 2, 1, 2, 2, 0, 2, 3, 2, 0, 2, 2, 0, 2, 2, 0, 2, 2, 2, 2, 1, 0, 1, 0, 0, 0, 4, 2, 1, 0, 0, 2, 2, 3, 0, 2, 3, 4, 2, 2, 2, 1, 2, 2, 4, 2, 1, 2, 1, 2, 1, 1, 2, 1, 2, 4, 2, 3, 2, 1, 2, 0, 0, 2, 2, 2, 0, 3, 3, 2, 1, 4, 0, 2, 2, 4, 2, 3, 2, 0, 4, 4, 0, 2, 4, 2, 0, 0, 0, 0, 2, 1, 0, 0, 2, 2, 2, 2, 2, 2, 2, 4, 0, 1, 2, 2, 2, 2, 2, 0, 2, 1, 2, 1, 1, 2, 1, 0, 3, 2, 0, 2, 2, 3, 1, 2, 2, 0, 2, 3, 3, 2, 1, 4, 0, 2, 2, 3, 0, 2, 2, 0, 0, 4, 1, 2, 1, 2, 2, 1, 2, 2, 2, 0, 0, 2, 2, 2, 4, 4, 2, 2, 0, 0, 2, 1, 2, 2, 0, 1, 4, 2, 2, 0, 1, 4, 0, 2, 2, 4, 1, 2, 1, 2, 2, 1, 2, 1, 0, 2, 2, 1, 2, 2, 2, 2, 0, 1, 1, 2, 2, 2, 2, 0, 2, 2, 3, 2, 2, 1, 0, 0, 0, 4, 4, 0, 2, 2, 4, 1, 2, 2, 3, 2, 2, 2, 1, 2, 0, 0, 3, 2, 3, 1, 0, 4, 2, 0, 2, 0, 0, 2, 0, 0, 2, 2, 0, 4, 1, 1, 1, 2, 0, 2, 0, 2, 1, 2, 1, 2, 4, 2, 2, 0, 0, 0, 1, 2, 2, 2, 0, 0, 4, 0, 0, 0, 0, 0, 2, 3, 2, 0, 4, 4, 1, 2, 1, 1, 0, 2, 0, 0, 2, 1, 1, 1, 0, 2, 0, 2, 1, 2, 4, 0, 1, 2, 2, 2, 3, 0, 2, 1, 2, 0, 2, 2, 0, 0, 2, 3, 2, 0, 0, 2, 1, 2, 2, 2, 2, 2, 0, 0, 2, 4, 0, 2, 0, 2, 3, 3, 2, 0, 1, 3, 2, 0, 2, 2, 2, 1, 0, 2, 0, 1, 2, 2, 2, 2, 0, 1, 4, 2, 4, 0, 2, 3, 2, 1, 0, 0, 2, 2, 0, 0, 0, 3, 3, 1, 2, 0, 2, 2, 0, 1, 1, 2, 2, 2, 2, 2, 3, 3, 2, 2, 1, 0, 1, 2, 2, 1, 2, 3, 2, 2, 0, 2, 1, 3, 4, 2, 1, 2, 3, 2, 2, 3, 2, 0, 3, 2, 0, 0, 1, 0, 2, 2, 2, 0, 0, 2, 2, 0, 1, 2, 2, 2, 2, 3, 4, 3, 0, 1, 0, 1, 1, 0, 2, 1, 0, 1, 2, 0, 1, 2, 2, 2, 3, 2, 1, 2, 1, 2, 0, 0, 0, 2, 4, 0, 2, 0, 2, 0, 1, 2, 0, 2, 2, 2], "inertia_": 10690.017542906045, "n_features_in_": 3, "n_iter_": 4, "_n_threads": 1, "_tol": 0.005624848721806276, "params": {"algorithm": "auto", "copy_x": true, "init": "k-means++", "max_iter": 300, "n_clusters": 5, "n_init": 10, "n_jobs": "deprecated", "precompute_distances": "deprecated", "random_state": 302433120, "tol": 0.0001, "verbose": 0}}}, "Coming soon": {"1": "Metrics"}}, "trained_models_index": "int64"}